title,price,star_rating,availability,category,price_gbp,price_inr,rating,in_stock
Scott Pilgrim's Precious Little Life (Scott Pilgrim #1),£52.29,Five,In stock,Sequential Art,52.29,5516.595,5,True
Tsubasa: WoRLD CHRoNiCLE 2 (Tsubasa WoRLD CHRoNiCLE #2),£16.28,One,In stock,Sequential Art,16.28,1717.5400000000002,1,True
This One Summer,£19.49,Four,In stock,Sequential Art,19.49,2056.1949999999997,4,True
The Nameless City (The Nameless City #1),£38.16,Four,In stock,Sequential Art,38.16,4025.8799999999997,4,True
"Saga, Volume 5 (Saga (Collected Editions) #5)",£51.04,Two,In stock,Sequential Art,51.04,5384.72,2,True
"Rat Queens, Vol. 3: Demons (Rat Queens (Collected Editions) #11-15)",£50.40,Three,In stock,Sequential Art,50.4,5317.2,3,True
"Princess Jellyfish 2-in-1 Omnibus, Vol. 01 (Princess Jellyfish 2-in-1 Omnibus #1)",£13.61,Five,In stock,Sequential Art,13.61,1435.855,5,True
"Pop Gun War, Volume 1: Gift",£18.97,One,In stock,Sequential Art,18.97,2001.3349999999998,1,True
Patience,£10.16,Three,In stock,Sequential Art,10.16,1071.88,3,True
"Outcast, Vol. 1: A Darkness Surrounds Him (Outcast #1)",£15.44,Four,In stock,Sequential Art,15.44,1628.9199999999998,4,True
orange: The Complete Collection 1 (orange: The Complete Collection #1),£48.41,One,In stock,Sequential Art,48.41,5107.254999999999,1,True
"Lumberjanes, Vol. 2: Friendship to the Max (Lumberjanes #5-8)",£46.91,Two,In stock,Sequential Art,46.91,4949.004999999999,2,True
"Lumberjanes, Vol. 1: Beware the Kitten Holy (Lumberjanes #1-4)",£45.61,Three,In stock,Sequential Art,45.61,4811.855,3,True
Lumberjanes Vol. 3: A Terrible Plan (Lumberjanes #9-12),£19.92,Two,In stock,Sequential Art,19.92,2101.5600000000004,2,True
"I Hate Fairyland, Vol. 1: Madly Ever After (I Hate Fairyland (Compilations) #1-5)",£29.17,Two,In stock,Sequential Art,29.17,3077.4350000000004,2,True
I am a Hero Omnibus Volume 1,£54.63,Three,In stock,Sequential Art,54.63,5763.465,3,True
"Giant Days, Vol. 2 (Giant Days #5-8)",£22.11,Two,In stock,Sequential Art,22.11,2332.605,2,True
Danganronpa Volume 1,£51.99,Four,In stock,Sequential Art,51.99,5484.945000000001,4,True
"Codename Baboushka, Volume 1: The Conclave of Death",£36.72,Four,In stock,Sequential Art,36.72,3873.96,4,True
Camp Midnight,£17.08,Four,In stock,Sequential Art,17.08,1801.9399999999998,4,True
"Bitch Planet, Vol. 1: Extraordinary Machine (Bitch Planet (Collected Editions))",£37.92,Two,In stock,Sequential Art,37.92,4000.5600000000004,2,True
The Shadow Hero (The Shadow Hero),£33.14,One,In stock,Sequential Art,33.14,3496.27,1,True
"Fables, Vol. 1: Legends in Exile (Fables #1)",£41.62,Four,In stock,Sequential Art,41.62,4390.91,4,True
Batman: The Long Halloween (Batman),£36.50,Two,In stock,Sequential Art,36.5,3850.75,2,True
Batman: The Dark Knight Returns (Batman),£15.38,Five,In stock,Sequential Art,15.38,1622.5900000000001,5,True
"Wonder Woman: Earth One, Volume One (Wonder Woman: Earth One #1)",£37.34,Four,In stock,Sequential Art,37.34,3939.3700000000003,4,True
"We Are Robin, Vol. 1: The Vigilante Business (We Are Robin #1)",£53.90,One,In stock,Sequential Art,53.9,5686.45,1,True
Through the Woods,£25.38,Two,In stock,Sequential Art,25.38,2677.5899999999997,2,True
Superman Vol. 1: Before Truth (Superman by Gene Luen Yang #1),£11.89,Five,In stock,Sequential Art,11.89,1254.395,5,True
"So Cute It Hurts!!, Vol. 6 (So Cute It Hurts!! #6)",£35.43,Four,In stock,Sequential Art,35.43,3737.865,4,True
Robin War,£47.82,Three,In stock,Sequential Art,47.82,5045.01,3,True
"Red Hood/Arsenal, Vol. 1: Open for Business (Red Hood/Arsenal #1)",£25.48,Two,In stock,Sequential Art,25.48,2688.14,2,True
"Naruto (3-in-1 Edition), Vol. 14: Includes Vols. 40, 41 & 42 (Naruto: Omnibus #14)",£38.39,Two,In stock,Sequential Art,38.39,4050.145,2,True
Lowriders to the Center of the Earth (Lowriders in Space #2),£51.51,Two,In stock,Sequential Art,51.51,5434.304999999999,2,True
El Deafo,£57.62,Five,In stock,Sequential Art,57.62,6078.91,5,True
Batman: Europa,£32.01,Two,In stock,Sequential Art,32.01,3377.055,2,True
Art Ops Vol. 1,£48.80,Three,In stock,Sequential Art,48.8,5148.4,3,True
"Adulthood Is a Myth: A ""Sarah's Scribbles"" Collection",£10.90,Two,In stock,Sequential Art,10.9,1149.95,2,True
"Fruits Basket, Vol. 9 (Fruits Basket #9)",£33.95,Four,In stock,Sequential Art,33.95,3581.7250000000004,4,True
Roller Girl,£14.10,Five,In stock,Sequential Art,14.1,1487.55,5,True
"Fruits Basket, Vol. 7 (Fruits Basket #7)",£19.57,One,In stock,Sequential Art,19.57,2064.635,1,True
"Fruits Basket, Vol. 6 (Fruits Basket #6)",£20.96,Four,In stock,Sequential Art,20.96,2211.28,4,True
"Death Note, Vol. 6: Give-and-Take (Death Note #6)",£36.39,Three,In stock,Sequential Art,36.39,3839.145,3,True
"Fruits Basket, Vol. 5 (Fruits Basket #5)",£16.33,One,In stock,Sequential Art,16.33,1722.8149999999998,1,True
"Death Note, Vol. 5: Whiteout (Death Note #5)",£52.41,One,In stock,Sequential Art,52.41,5529.254999999999,1,True
"The Demon Prince of Momochi House, Vol. 4 (The Demon Prince of Momochi House #4)",£27.88,Two,In stock,Sequential Art,27.88,2941.3399999999997,2,True
"Fruits Basket, Vol. 4 (Fruits Basket #4)",£50.44,Four,In stock,Sequential Art,50.44,5321.42,4,True
"The Wicked + The Divine, Vol. 3: Commercial Suicide (The Wicked + The Divine)",£14.41,Three,In stock,Sequential Art,14.41,1520.255,3,True
"The Sandman, Vol. 3: Dream Country (The Sandman (volumes) #3)",£55.55,Five,In stock,Sequential Art,55.55,5860.525,5,True
"Saga, Volume 3 (Saga (Collected Editions) #3)",£21.57,Five,In stock,Sequential Art,21.57,2275.635,5,True
Prodigy: The Graphic Novel (Legend: The Graphic Novel #2),£43.63,Three,In stock,Sequential Art,43.63,4602.965,3,True
Persepolis: The Story of a Childhood (Persepolis #1-2),£39.13,One,In stock,Sequential Art,39.13,4128.215,1,True
Original Fake,£31.45,Three,In stock,Sequential Art,31.45,3317.975,3,True
"Grayson, Vol 3: Nemesis (Grayson #3)",£42.72,One,In stock,Sequential Art,42.72,4506.96,1,True
"Fruits Basket, Vol. 3 (Fruits Basket #3)",£45.17,Two,In stock,Sequential Art,45.17,4765.435,2,True
"Black Butler, Vol. 1 (Black Butler #1)",£49.31,One,In stock,Sequential Art,49.31,5202.205,1,True
Awkward,£38.02,Two,In stock,Sequential Art,38.02,4011.11,2,True
"The Sandman, Vol. 2: The Doll's House (The Sandman (volumes) #2)",£54.81,One,In stock,Sequential Art,54.81,5782.455,1,True
"Saga, Volume 2 (Saga (Collected Editions) #2)",£11.75,Three,In stock,Sequential Art,11.75,1239.625,3,True
"Fruits Basket, Vol. 2 (Fruits Basket #2)",£11.64,Five,In stock,Sequential Art,11.64,1228.02,5,True
"Y: The Last Man, Vol. 1: Unmanned (Y: The Last Man #1)",£18.51,Four,In stock,Sequential Art,18.51,1952.805,4,True
"The Wicked + The Divine, Vol. 1: The Faust Act (The Wicked + The Divine)",£36.52,Two,In stock,Sequential Art,36.52,3852.86,2,True
"The Sandman, Vol. 1: Preludes and Nocturnes (The Sandman (volumes) #1)",£54.12,Three,In stock,Sequential Art,54.12,5709.66,3,True
The Complete Maus (Maus #1-2),£10.64,Three,In stock,Sequential Art,10.64,1122.52,3,True
"Skip Beat!, Vol. 01 (Skip Beat! #1)",£42.12,Three,In stock,Sequential Art,42.12,4443.66,3,True
"Saga, Volume 1 (Saga (Collected Editions) #1)",£28.48,One,In stock,Sequential Art,28.48,3004.64,1,True
"Rat Queens, Vol. 1: Sass & Sorcery (Rat Queens (Collected Editions) #1-5)",£46.96,Five,In stock,Sequential Art,46.96,4954.28,5,True
"Paper Girls, Vol. 1 (Paper Girls #1-5)",£21.71,Four,In stock,Sequential Art,21.71,2290.405,4,True
"Ouran High School Host Club, Vol. 1 (Ouran High School Host Club #1)",£29.87,Three,In stock,Sequential Art,29.87,3151.2850000000003,3,True
"Ms. Marvel, Vol. 1: No Normal (Ms. Marvel (2014-2015) #1)",£39.39,Four,In stock,Sequential Art,39.39,4155.645,4,True
"Hawkeye, Vol. 1: My Life as a Weapon (Hawkeye #1)",£45.24,Three,In stock,Sequential Art,45.24,4772.820000000001,3,True
"Giant Days, Vol. 1 (Giant Days #1-4)",£56.76,Four,In stock,Sequential Art,56.76,5988.179999999999,4,True
"Fruits Basket, Vol. 1 (Fruits Basket #1)",£40.28,Five,In stock,Sequential Art,40.28,4249.54,5,True
"Bleach, Vol. 1: Strawberry and the Soul Reapers (Bleach #1)",£34.65,Five,In stock,Sequential Art,34.65,3655.575,5,True
"Ajin: Demi-Human, Volume 1 (Ajin: Demi-Human #1)",£57.06,Four,In stock,Sequential Art,57.06,6019.83,4,True
Soumission,£50.10,One,In stock,Fiction,50.1,5285.55,1,True
Private Paris (Private #10),£47.61,Five,In stock,Fiction,47.61,5022.855,5,True
"We Love You, Charlie Freeman",£50.27,Five,In stock,Fiction,50.27,5303.485000000001,5,True
Thirst,£17.27,Five,In stock,Fiction,17.27,1821.985,5,True
The Murder That Never Was (Forensic Instincts #5),£54.11,Three,In stock,Fiction,54.11,5708.605,3,True
Tuesday Nights in 1980,£21.04,Two,In stock,Fiction,21.04,2219.72,2,True
The Vacationers,£42.15,Four,In stock,Fiction,42.15,4446.825,4,True
The Regional Office Is Under Attack!,£51.36,Five,In stock,Fiction,51.36,5418.48,5,True
Finders Keepers (Bill Hodges Trilogy #2),£53.53,Five,In stock,Fiction,53.53,5647.415,5,True
The Time Keeper,£27.88,Five,In stock,Fiction,27.88,2941.3399999999997,5,True
The Testament of Mary,£52.67,Four,In stock,Fiction,52.67,5556.685,4,True
The First Hostage (J.B. Collins #2),£25.85,Three,In stock,Fiction,25.85,2727.175,3,True
Take Me with You,£45.21,Three,In stock,Fiction,45.21,4769.655,3,True
Still Life with Bread Crumbs,£26.41,Three,In stock,Fiction,26.41,2786.255,3,True
Shtum,£55.84,Four,In stock,Fiction,55.84,5891.120000000001,4,True
My Name Is Lucy Barton,£41.56,One,In stock,Fiction,41.56,4384.58,1,True
My Mrs. Brown,£24.48,Three,In stock,Fiction,24.48,2582.64,3,True
Mr. Mercedes (Bill Hodges Trilogy #1),£28.90,One,In stock,Fiction,28.9,3048.95,1,True
I Am Pilgrim (Pilgrim #1),£10.60,Four,In stock,Fiction,10.6,1118.3,4,True
Eligible (The Austen Project #4),£27.09,Three,In stock,Fiction,27.09,2857.995,3,True
Eight Hundred Grapes,£14.39,Four,In stock,Fiction,14.39,1518.145,4,True
Dear Mr. Knightley,£11.21,Five,In stock,Fiction,11.21,1182.6550000000002,5,True
Cometh the Hour (The Clifton Chronicles #6),£25.01,Three,In stock,Fiction,25.01,2638.5550000000003,3,True
Balloon Animals,£17.03,Three,In stock,Fiction,17.03,1796.6650000000002,3,True
A Man Called Ove,£39.72,One,In stock,Fiction,39.72,4190.46,1,True
The Silent Sister (Riley MacPherson #1),£46.29,Five,In stock,Fiction,46.29,4883.595,5,True
The Dinner Party,£56.54,Two,In stock,Fiction,56.54,5964.97,2,True
The Improbability of Love,£59.45,One,In stock,Fiction,59.45,6271.975,1,True
Mothering Sunday,£13.34,Two,In stock,Fiction,13.34,1407.37,2,True
Lies and Other Acts of Love,£45.14,One,In stock,Fiction,45.14,4762.27,1,True
Daredevils,£16.34,Three,In stock,Fiction,16.34,1723.87,3,True
11/22/63,£48.48,Three,In stock,Fiction,48.48,5114.639999999999,3,True
The Shack,£28.03,One,In stock,Fiction,28.03,2957.165,1,True
The High Mountains of Portugal,£51.15,One,In stock,Fiction,51.15,5396.325,1,True
Miller's Valley,£58.54,Two,In stock,Fiction,58.54,6175.97,2,True
Hystopia: A Novel,£21.96,Four,In stock,Fiction,21.96,2316.78,4,True
The Bourne Identity (Jason Bourne #1),£42.78,Four,In stock,Fiction,42.78,4513.29,4,True
Sister Dear,£40.20,Four,In stock,Fiction,40.2,4241.1,4,True
Memoirs of a Geisha,£49.67,Three,In stock,Fiction,49.67,5240.185,3,True
Me Before You (Me Before You #1),£19.02,One,In stock,Fiction,19.02,2006.61,1,True
Deception Point,£40.32,Four,In stock,Fiction,40.32,4253.76,4,True
The Little Paris Bookshop,£24.73,Three,In stock,Fiction,24.73,2609.015,3,True
The Firm,£45.56,Three,In stock,Fiction,45.56,4806.58,3,True
The Expatriates,£44.58,Two,In stock,Fiction,44.58,4703.19,2,True
Siddhartha,£34.22,Five,In stock,Fiction,34.22,3610.21,5,True
Last One Home (New Beginnings #1),£59.98,Three,In stock,Fiction,59.98,6327.889999999999,3,True
Digital Fortress,£58.00,Five,In stock,Fiction,58.0,6119.0,5,True
Atlas Shrugged,£26.58,Five,In stock,Fiction,26.58,2804.1899999999996,5,True
Three-Martini Lunch,£23.21,Three,In stock,Fiction,23.21,2448.655,3,True
The Nightingale,£26.26,Four,In stock,Fiction,26.26,2770.4300000000003,4,True
The Infinities,£27.41,One,In stock,Fiction,27.41,2891.755,1,True
The Husband's Secret,£52.51,Five,In stock,Fiction,52.51,5539.804999999999,5,True
The Da Vinci Code (Robert Langdon #2),£22.96,Two,In stock,Fiction,22.96,2422.28,2,True
The Art of Fielding,£22.10,One,In stock,Fiction,22.1,2331.55,1,True
Lila (Gilead #3),£12.47,Three,In stock,Fiction,12.47,1315.585,3,True
Jurassic Park (Jurassic Park #1),£44.97,One,In stock,Fiction,44.97,4744.335,1,True
Inferno (Robert Langdon #4),£41.00,Five,In stock,Fiction,41.0,4325.5,5,True
Crazy Rich Asians (Crazy Rich Asians #1),£49.13,Five,In stock,Fiction,49.13,5183.215,5,True
Big Little Lies,£22.11,One,In stock,Fiction,22.11,2332.605,1,True
The Course of Love,£16.78,Three,In stock,Fiction,16.78,1770.2900000000002,3,True
When I'm Gone,£51.96,Three,In stock,Fiction,51.96,5481.78,3,True
The Silent Wife,£12.34,Five,In stock,Fiction,12.34,1301.87,5,True
The Bette Davis Club,£30.66,Three,In stock,Fiction,30.66,3234.63,3,True
Kitchens of the Great Midwest,£57.20,Five,In stock,Fiction,57.2,6034.6,5,True
Bright Lines,£39.07,Five,In stock,Fiction,39.07,4121.885,5,True
Worlds Elsewhere: Journeys Around Shakespeare’s Globe,£40.30,Five,In stock,NonFiction,40.3,4251.65,5,True
The Five Love Languages: How to Express Heartfelt Commitment to Your Mate,£31.05,Three,In stock,NonFiction,31.05,3275.775,3,True
Reasons to Stay Alive,£26.41,Two,In stock,NonFiction,26.41,2786.255,2,True
#HigherSelfie: Wake Up Your Life. Free Your Soul. Find Your Tribe.,£23.11,Five,In stock,NonFiction,23.11,2438.105,5,True
"Unseen City: The Majesty of Pigeons, the Discreet Charm of Snails & Other Wonders of the Urban Wilderness",£44.18,Four,In stock,NonFiction,44.18,4660.99,4,True
Throwing Rocks at the Google Bus: How Growth Became the Enemy of Prosperity,£31.12,Three,In stock,NonFiction,31.12,3283.1600000000003,3,True
The Life-Changing Magic of Tidying Up: The Japanese Art of Decluttering and Organizing,£16.77,Three,In stock,NonFiction,16.77,1769.235,3,True
The Gutsy Girl: Escapades for Your Life of Epic Adventure,£37.13,One,In stock,NonFiction,37.13,3917.215,1,True
The Electric Pencil: Drawings from Inside State Hospital No. 3,£56.06,One,In stock,NonFiction,56.06,5914.33,1,True
Spark Joy: An Illustrated Master Class on the Art of Organizing and Tidying Up,£41.83,Four,In stock,NonFiction,41.83,4413.065,4,True
Reskilling America: Learning to Labor in the Twenty-First Century,£19.83,Two,In stock,NonFiction,19.83,2092.0649999999996,2,True
In the Country We Love: My Family Divided,£22.00,Four,In stock,NonFiction,22.0,2321.0,4,True
Everydata: The Misinformation Hidden in the Little Data You Consume Every Day,£54.35,Two,In stock,NonFiction,54.35,5733.925,2,True
Call the Nurse: True Stories of a Country Nurse on a Scottish Isle,£29.14,Five,In stock,NonFiction,29.14,3074.27,5,True
Algorithms to Live By: The Computer Science of Human Decisions,£30.81,One,In stock,NonFiction,30.81,3250.455,1,True
The Power of Now: A Guide to Spiritual Enlightenment,£43.54,Two,In stock,NonFiction,43.54,4593.47,2,True
The Omnivore's Dilemma: A Natural History of Four Meals,£38.21,Two,In stock,NonFiction,38.21,4031.155,2,True
The Genius of Birds,£17.24,One,In stock,NonFiction,17.24,1818.82,1,True
The Artist's Way: A Spiritual Path to Higher Creativity,£38.49,Five,In stock,NonFiction,38.49,4060.695,5,True
So You've Been Publicly Shamed,£12.23,Two,In stock,NonFiction,12.23,1290.265,2,True
"Daring Greatly: How the Courage to Be Vulnerable Transforms the Way We Live, Love, Parent, and Lead",£19.43,Three,In stock,NonFiction,19.43,2049.865,3,True
Big Magic: Creative Living Beyond Fear,£30.80,Three,In stock,NonFiction,30.8,3249.4,3,True
Becoming Wise: An Inquiry into the Mystery and Art of Living,£27.43,Two,In stock,NonFiction,27.43,2893.865,2,True
Agnostic: A Spirited Manifesto,£12.51,Five,In stock,NonFiction,12.51,1319.805,5,True
Whole Lotta Creativity Going On: 60 Fun and Unusual Exercises to Awaken and Strengthen Your Creativity,£38.20,Four,In stock,NonFiction,38.2,4030.1000000000004,4,True
What's It Like in Space?: Stories from Astronauts Who've Been There,£19.60,Two,In stock,NonFiction,19.6,2067.8,2,True
The Year of Magical Thinking,£43.04,Two,In stock,NonFiction,43.04,4540.72,2,True
The Literature Book (Big Ideas Simply Explained),£17.43,Three,In stock,NonFiction,17.43,1838.865,3,True
The Bad-Ass Librarians of Timbuktu: And Their Race to Save the World’s Most Precious Manuscripts,£15.77,One,In stock,NonFiction,15.77,1663.735,1,True
Swell: A Year of Waves,£45.58,One,In stock,NonFiction,45.58,4808.69,1,True
No Dream Is Too High: Life Lessons From a Man Who Walked on the Moon,£21.95,Two,In stock,NonFiction,21.95,2315.725,2,True
Looking for Lovely: Collecting the Moments that Matter,£29.14,Five,In stock,NonFiction,29.14,3074.27,5,True
Let It Out: A Journey Through Journaling,£26.79,Five,In stock,NonFiction,26.79,2826.345,5,True
Hamilton: The Revolution,£58.79,Three,In stock,NonFiction,58.79,6202.345,3,True
"Far & Away: Places on the Brink of Change: Seven Continents, Twenty-Five Years",£15.06,Four,In stock,NonFiction,15.06,1588.8300000000002,4,True
"Eaternity: More than 150 Deliciously Easy Vegan Recipes for a Long, Healthy, Satisfied, Joyful Life",£51.75,Five,In stock,NonFiction,51.75,5459.625,5,True
Buying In: The Secret Dialogue Between What We Buy and Who We Are,£37.80,Four,In stock,NonFiction,37.8,3987.8999999999996,4,True
Brain on Fire: My Month of Madness,£49.32,Five,In stock,NonFiction,49.32,5203.26,5,True
Abstract City,£56.37,Five,In stock,NonFiction,56.37,5947.035,5,True
13 Hours: The Inside Account of What Really Happened In Benghazi,£27.06,One,In stock,NonFiction,27.06,2854.83,1,True
The Lonely City: Adventures in the Art of Being Alone,£33.26,Two,In stock,NonFiction,33.26,3508.93,2,True
The Diary of a Young Girl,£59.90,Three,In stock,NonFiction,59.9,6319.45,3,True
Snatched: How A Drug Queen Went Undercover for the DEA and Was Kidnapped By Colombian Guerillas,£21.21,Three,In stock,NonFiction,21.21,2237.655,3,True
Furiously Happy: A Funny Book About Horrible Things,£41.46,Four,In stock,NonFiction,41.46,4374.03,4,True
"The Sleep Revolution: Transforming Your Life, One Night at a Time",£11.68,Four,In stock,NonFiction,11.68,1232.24,4,True
"Mother, Can You Not?",£16.89,Five,In stock,NonFiction,16.89,1781.895,5,True
A Mother's Reckoning: Living in the Aftermath of Tragedy,£19.53,Three,In stock,NonFiction,19.53,2060.415,3,True
"10% Happier: How I Tamed the Voice in My Head, Reduced Stress Without Losing My Edge, and Found Self-Help That Actually Works",£24.57,Two,In stock,NonFiction,24.57,2592.135,2,True
Chernobyl 01:23:40: The Incredible True Story of the World's Worst Nuclear Disaster,£35.92,Two,In stock,NonFiction,35.92,3789.5600000000004,2,True
"Zero to One: Notes on Startups, or How to Build the Future",£34.06,Three,In stock,NonFiction,34.06,3593.3300000000004,3,True
Why Not Me?,£17.76,One,In stock,NonFiction,17.76,1873.68,1,True
When Breath Becomes Air,£39.36,Two,In stock,NonFiction,39.36,4152.48,2,True
"The Midnight Assassin: Panic, Scandal, and the Hunt for America's First Serial Killer",£28.45,Four,In stock,NonFiction,28.45,3001.475,4,True
Smarter Faster Better: The Secrets of Being Productive in Life and Business,£38.89,Five,In stock,NonFiction,38.89,4102.895,5,True
Rising Strong,£21.82,Three,In stock,NonFiction,21.82,2302.01,3,True
Man's Search for Meaning,£29.48,Three,In stock,NonFiction,29.48,3110.14,3,True
"Love That Boy: What Two Presidents, Eight Road Trips, and My Son Taught Me About a Parent's Expectations",£25.06,Two,In stock,NonFiction,25.06,2643.83,2,True
Living Forward: A Proven Plan to Stop Drifting and Get the Life You Want,£12.55,Three,In stock,NonFiction,12.55,1324.025,3,True
I Will Find You,£44.21,One,In stock,NonFiction,44.21,4664.155,1,True
Brazen: The Courage to Find the You That's Been Hiding,£19.22,Two,In stock,NonFiction,19.22,2027.7099999999998,2,True
Between the World and Me,£56.91,Four,In stock,NonFiction,56.91,6004.004999999999,4,True
Being Mortal: Medicine and What Matters in the End,£55.06,Four,In stock,NonFiction,55.06,5808.83,4,True
"A Murder Over a Girl: Justice, Gender, Junior High",£13.20,Three,In stock,NonFiction,13.2,1392.6,3,True
For the Love: Fighting for Grace in a World of Impossible Standards,£45.13,Three,In stock,NonFiction,45.13,4761.215,3,True
Finding God in the Ruins: How God Redeems Pain,£46.64,Two,In stock,NonFiction,46.64,4920.52,2,True
The Man Who Mistook His Wife for a Hat and Other Clinical Tales,£59.45,Four,In stock,NonFiction,59.45,6271.975,4,True
In Cold Blood,£49.98,Four,In stock,NonFiction,49.98,5272.889999999999,4,True
"Girl, Interrupted",£42.14,Three,In stock,NonFiction,42.14,4445.77,3,True
Why Save the Bankers?: And Other Essays on Our Economic and Political Crisis,£48.67,Two,In stock,NonFiction,48.67,5134.685,2,True
Talking to Girls About Duran Duran: One Young Man's Quest for True Love and a Cooler Haircut,£25.15,Four,In stock,NonFiction,25.15,2653.325,4,True
My Mother Was Nuts,£31.63,Four,In stock,NonFiction,31.63,3336.9649999999997,4,True
"Data, A Love Story: How I Gamed Online Dating to Meet My Match",£32.35,Three,In stock,NonFiction,32.35,3412.925,3,True
The Jazz of Physics: The Secret Link Between Music and the Structure of the Universe,£38.71,Three,In stock,NonFiction,38.71,4083.905,3,True
The Gunning of America: Business and the Making of American Gun Culture,£16.81,Four,In stock,NonFiction,16.81,1773.455,4,True
The Geography of Bliss: One Grump's Search for the Happiest Places in the World,£28.23,Two,In stock,NonFiction,28.23,2978.265,2,True
God Is Not Great: How Religion Poisons Everything,£27.80,One,In stock,NonFiction,27.8,2932.9,1,True
We the People: The Modern-Day Figures Who Have Reshaped and Affirmed the Founding Fathers' Vision of America,£31.95,Three,In stock,NonFiction,31.95,3370.725,3,True
Very Good Lives: The Fringe Benefits of Failure and the Importance of Imagination,£50.66,Three,In stock,NonFiction,50.66,5344.629999999999,3,True
"Unstuffed: Decluttering Your Home, Mind, and Soul",£58.09,One,In stock,NonFiction,58.09,6128.495000000001,1,True
Under the Banner of Heaven: A Story of Violent Faith,£30.00,One,In stock,NonFiction,30.0,3165.0,1,True
"Trespassing Across America: One Man's Epic, Never-Done-Before (and Sort of Illegal) Hike Across the Heartland",£53.51,One,In stock,NonFiction,53.51,5645.304999999999,1,True
The Name of God is Mercy,£37.25,Two,In stock,NonFiction,37.25,3929.875,2,True
Stiff: The Curious Lives of Human Cadavers,£36.74,Three,In stock,NonFiction,36.74,3876.07,3,True
Spilled Milk: Based on a True Story,£49.51,One,In stock,NonFiction,49.51,5223.304999999999,1,True
"Rise of the Rocket Girls: The Women Who Propelled Us, from Missiles to the Moon to Mars",£41.67,Four,In stock,NonFiction,41.67,4396.185,4,True
Outliers: The Story of Success,£14.16,One,In stock,NonFiction,14.16,1493.88,1,True
Notes from a Small Island (Notes From a Small Island #1),£40.17,One,In stock,NonFiction,40.17,4237.935,1,True
Night (The Night Trilogy #1),£13.51,One,In stock,NonFiction,13.51,1425.305,1,True
"Miracles from Heaven: A Little Girl, Her Journey to Heaven, and Her Amazing Story of Healing",£57.83,One,In stock,NonFiction,57.83,6101.065,1,True
Letter to a Christian Nation,£22.20,One,In stock,NonFiction,22.2,2342.1,1,True
Let's Pretend This Never Happened: A Mostly True Memoir,£45.11,One,In stock,NonFiction,45.11,4759.105,1,True
It's Never Too Late to Begin Again: Discovering Creativity and Meaning at Midlife and Beyond,£42.38,One,In stock,NonFiction,42.38,4471.09,1,True
Into the Wild,£56.70,Five,In stock,NonFiction,56.7,5981.85,5,True
"In the Garden of Beasts: Love, Terror, and an American Family in Hitler's Berlin",£28.85,Three,In stock,NonFiction,28.85,3043.675,3,True
I Am Malala: The Girl Who Stood Up for Education and Was Shot by the Taliban,£28.88,Two,In stock,NonFiction,28.88,3046.8399999999997,2,True
Gratitude,£26.66,Five,In stock,NonFiction,26.66,2812.63,5,True
Disrupted: My Misadventure in the Start-Up Bubble,£15.28,Five,In stock,NonFiction,15.28,1612.04,5,True
Brave Enough,£51.32,Five,In stock,NonFiction,51.32,5414.26,5,True
"Born to Run: A Hidden Tribe, Superathletes, and the Greatest Race the World Has Never Seen",£27.35,Two,In stock,NonFiction,27.35,2885.425,2,True
Blink: The Power of Thinking Without Thinking,£21.74,Five,In stock,NonFiction,21.74,2293.5699999999997,5,True
Black Flags: The Rise of ISIS,£40.87,One,In stock,NonFiction,40.87,4311.785,1,True
Are We Smart Enough to Know How Smart Animals Are?,£56.58,One,In stock,NonFiction,56.58,5969.19,1,True
A Walk in the Woods: Rediscovering America on the Appalachian Trail,£30.48,Four,In stock,NonFiction,30.48,3215.64,4,True
"The Suffragettes (Little Black Classics, #96)",£11.89,Two,In stock,NonFiction,11.89,1254.395,2,True
Kindle Paperwhite User's Guide,£34.00,Three,In stock,NonFiction,34.0,3587.0,3,True
H is for Hawk,£57.42,Five,In stock,NonFiction,57.42,6057.81,5,True
Travels with Charley: In Search of America,£57.82,Five,In stock,NonFiction,57.82,6100.01,5,True
The Tumor,£41.56,Five,In stock,NonFiction,41.56,4384.58,5,True
The End of the Jesus Era (An Investigation #1),£14.40,One,In stock,NonFiction,14.4,1519.2,1,True
"Eat, Pray, Love",£51.32,Three,In stock,NonFiction,51.32,5414.26,3,True
